criterion_id,구분,성공기준,목표값,현재값,판정,측정책임자,승인일,비고
SC-01,Output,요구사항 구현 완료율,100% (84건),92.9% (78/84),GREEN,한도경(PM),2026-01-05,잔여 6건은 S17~S18 반영 예정
SC-02,Output,관제 명령 응답시간 p95,<= 1.5s,1.28s,GREEN,정하람(플랫폼),2026-01-05,
SC-03,Output,자율주행 임무 성공률,>= 92%,93.4%,GREEN,임태오(자율주행),2026-01-05,"양재 테스트베드 정형 코스 120개 시나리오 2,400회 주행 기준"
SC-04,Output,CI 빌드 성공률,>= 85%,89.0%,GREEN,정하람(플랫폼),2026-01-05,
SC-05,Output,G5 시점 High 리스크,0건,0건,GREEN,한도경(PM),2026-01-05,리스크대장 최종 갱신 2026-04-11
SC-06,Output,SPI (일정성과지수),>= 0.95,1.02,GREEN,한도경(PM),2026-01-05,개발 부문 베이스라인 기준
SC-07,Output,CPI (원가성과지수),>= 0.95,0.98,GREEN,한도경(PM),2026-01-05,개발 부문 베이스라인 기준
SC-08,Output,지원 로봇 기종,6종,6종,GREEN,배가온(로봇SW),2026-01-05,서빙·배송·청소·안내·물류카트·방역
,,── 이하 편익(Outcome) 기준 ──,,,,,,Business Case의 BEN-01~05는 헌장 성공기준에 편입되지 않았음
