회차,예정일,개최여부,참석,아젠다,편익(BEN) 아젠다 포함,의사결정,비고
1,2026-01-22,개최,스폰서·PM·PO·리드 7명,"헌장 승인, baseline 확정",아니오,84건 baseline 승인,편익 측정책임자 '추후 지정'으로 남김
2,2026-02-26,개최,스폰서·PM·PO,진척 보고,아니오,-,
3,2026-03-26,개최,PM·PO (스폰서 불참),G2 통과 보고,아니오,G2 통과,
4,2026-04-23,취소,-,-,-,-,스폰서 해외 출장
5,2026-05-28,개최,스폰서·PM·PO·리드 5명,G3 게이트,아니오,G3 조건부 통과,"조건 3건: 엣지 추론 캐시, 미학습 상황 폴백 방침, AI 인프라 예산 재검토 → 추적 기록 없음"
6,2026-06-25,취소,-,-,-,-,일정 조정 실패
7,2026-07-23,취소,-,-,-,-,일정 조정 실패
8,2026-08-06,개최,스폰서·PM·PO·마케팅,"요구사항 완료율, 상용 배포 준비",아니오,관제 대시보드 홈 요약 위젯 지시(구두),파일럿 텔레메트리는 아젠다에 없었음
9,2026-09-03,예정,-,-,-,-,
